Scale,Pearson_r,p_value
BIS_Total,0.06819911112553578,0.7515174788273837
MACHI_Total,0.5370264476790327,0.006812115717098068
VRSQ_Total,0.08785133779108142,0.683128801270572
