Scale,Pearson_r,p_value
SSS_Total,0.06819911112553578,0.7515174788273837
MACHI_Total,0.444303894321453,0.029618971295615432
VRSQ_Total,0.1990385360045072,0.35112564342107133
