Scale,Pearson_r,p_value
SSS_Total,0.5370264476790327,0.006812115717098068
BIS_Total,0.44430389432145295,0.029618971295615432
VRSQ_Total,0.4259423614544212,0.03795651847100289
